,Group name,User Discord id,Discord_user_name,Team Leader for that group,Vice Team Leader for that group,College group,Team leader discord id,Vice team leader discord id
1,DJP Team,,,,,,,
,,382446882158542849,IndominouS#3592,IndominouS#3592,Prajval#6309,,382446882158542849,584642212038443018
,,584642212038443018,Prajval#6309,IndominouS#3592,Prajval#6309,,382446882158542849,584642212038443018
,,751103114513219684,outofyoureach#4382,IndominouS#3592,Prajval#6309,,382446882158542849,584642212038443018
,,776494599078281258,Rutuja#6316,IndominouS#3592,Prajval#6309,,382446882158542849,584642212038443018
,,771602584992481322,Zukaritoruki#1603,IndominouS#3592,Prajval#6309,,382446882158542849,584642212038443018
,,688694971527593987,poojagera0_0#6878,IndominouS#3592,Prajval#6309,,382446882158542849,584642212038443018
,,798125765983993886,khushboo#5966,IndominouS#3592,Prajval#6309,,382446882158542849,584642212038443018
,,675032119357210648,Black Flame#3904,IndominouS#3592,Prajval#6309,,382446882158542849,584642212038443018
,,760486318873509899,AV#2596,IndominouS#3592,Prajval#6309,,382446882158542849,584642212038443018
,,766893563124252682,HIMANSHU#4792,IndominouS#3592,Prajval#6309,,382446882158542849,584642212038443018
,,550275744748797970,Aaarush-Goyal#5883,IndominouS#3592,Prajval#6309,,382446882158542849,584642212038443018
,,576703213617545226,gauravgupta14#4787,IndominouS#3592,Prajval#6309,,382446882158542849,584642212038443018
,,,,,,,,
2,Aditya Rawat Team,,,,,,,
,,614417547428757504,! Aditya Rawat#9471,! Aditya Rawat#9471,LordDanu#7204,,614417547428757504,770193383964540928
,,770193383964540928,LordDanu#7204,! Aditya Rawat#9471,LordDanu#7204,,614417547428757504,770193383964540928
,,460007509336260635,Lord Tyrion#9374,! Aditya Rawat#9471,LordDanu#7204,,614417547428757504,770193383964540928
,,746435969364000848,shrey#6218,! Aditya Rawat#9471,LordDanu#7204,,614417547428757504,770193383964540928
,,558307596742688784,raibove#0094,! Aditya Rawat#9471,LordDanu#7204,,614417547428757504,770193383964540928
,,686989040708616203,Vinit_Churi#3477,! Aditya Rawat#9471,LordDanu#7204,,614417547428757504,770193383964540928
,,576418383654944792,Sagar Khurana#9108,! Aditya Rawat#9471,LordDanu#7204,,614417547428757504,770193383964540928
,,756532264761950379,Nikk_Nikky#0441,! Aditya Rawat#9471,LordDanu#7204,,614417547428757504,770193383964540928
,,768855264614285375,Sarthak#7187,! Aditya Rawat#9471,LordDanu#7204,,614417547428757504,770193383964540928
,,434252444785049600,sidd_oo#3454,! Aditya Rawat#9471,LordDanu#7204,,614417547428757504,770193383964540928
,,764730117674631200,fzhora#3571,! Aditya Rawat#9471,LordDanu#7204,,614417547428757504,770193383964540928
,,570843685101502464,Rakshit#9683,! Aditya Rawat#9471,LordDanu#7204,,614417547428757504,770193383964540928
,,,,,,,,
3,Vasanth Team,,,,,,,
,,817015236959141918,Sampath Kumar#9197,VASANTH KUMAR G ( P )#3955,the_spiderman#3328,,778930168134762526,578266317258489857
,,762607273460891648,Azib123#5114,VASANTH KUMAR G ( P )#3955,the_spiderman#3328,,778930168134762526,578266317258489857
,,699183759269822544,headrest#8857,VASANTH KUMAR G ( P )#3955,the_spiderman#3328,,778930168134762526,578266317258489857
,,647809479521337354,dkpro_7#2057,VASANTH KUMAR G ( P )#3955,the_spiderman#3328,,778930168134762526,578266317258489857
,,778930168134762526,VASANTH KUMAR G ( P )#3955,VASANTH KUMAR G ( P )#3955,the_spiderman#3328,,778930168134762526,578266317258489857
,,775668863983157248,Ibrhm#3389,VASANTH KUMAR G ( P )#3955,the_spiderman#3328,,778930168134762526,578266317258489857
,,596197125797183491,Mr.Igneus#3053,VASANTH KUMAR G ( P )#3955,the_spiderman#3328,,778930168134762526,578266317258489857
,,668663722772004874,A h m e d#1660,VASANTH KUMAR G ( P )#3955,the_spiderman#3328,,778930168134762526,578266317258489857
,,578266317258489857,the_spiderman#3328,VASANTH KUMAR G ( P )#3955,the_spiderman#3328,,778930168134762526,578266317258489857
,,790246203275083848,Suhan#2023,VASANTH KUMAR G ( P )#3955,the_spiderman#3328,,778930168134762526,578266317258489857
,,706058343570997290,! Aditya#3683,VASANTH KUMAR G ( P )#3955,the_spiderman#3328,,778930168134762526,578266317258489857
,,,,,,,,
4,Runtime Terror Team,,,,,,,
,,478593901570031626,hash#5186,Orion#4646,Kanish#6569,,763082265873219594,545143578960330786
,,749878724782194770,monogon#3570,Orion#4646,Kanish#6569,,763082265873219594,545143578960330786
,,545143578960330786,Kanish#6569,Orion#4646,Kanish#6569,,763082265873219594,545143578960330786
,,701733153613676566,V√†ibh√†v#8126,Orion#4646,Kanish#6569,,763082265873219594,545143578960330786
,,601513183932317752,Vaibhav-uchiha,Orion#4646,Kanish#6569,,763082265873219594,545143578960330786
,,763082265873219594,Orion#4646,Orion#4646,Kanish#6569,,763082265873219594,545143578960330786
,,759660795826667541,Â§öreeze √ñfœÑhe He‡∏™ve≈á#0428,Orion#4646,Kanish#6569,,763082265873219594,545143578960330786
,,762588369825431572,Honey #6189,Orion#4646,Kanish#6569,,763082265873219594,545143578960330786
,,773531045878169640,tsy148#8482,Orion#4646,Kanish#6569,,763082265873219594,545143578960330786
,,698775218423857263,ksbest#5528,Orion#4646,Kanish#6569,,763082265873219594,545143578960330786
,,478527950480867338,Vilgax#0573,Orion#4646,Kanish#6569,,763082265873219594,545143578960330786
,,538413168234463232,Drills#7658,Orion#4646,Kanish#6569,,763082265873219594,545143578960330786
,,,,,,,,
5,Dheet Developers Team,,,,,,,
,,345616863146803211,akshansh_s#8475,akshansh_s#8475,Amit#4552,,345616863146803211,743423378123259956
,,760432254009999360,PrasanNa??#5377,akshansh_s#8475,Amit#4552,,345616863146803211,743423378123259956
,,769448271436578818,Anuahree#7137,akshansh_s#8475,Amit#4552,,345616863146803211,743423378123259956
,,817063343126216734,Bhargavi Bhodankar#9065,akshansh_s#8475,Amit#4552,,345616863146803211,743423378123259956
,,760374452172619776,poorvi#8570,akshansh_s#8475,Amit#4552,,345616863146803211,743423378123259956
,,596605046066511882,isha_f#0335,akshansh_s#8475,Amit#4552,,345616863146803211,743423378123259956
,,768500960703021076,Sourabh Dohare#2057,akshansh_s#8475,Amit#4552,,345616863146803211,743423378123259956
,,644999915344363531,!     Gauti#3509,akshansh_s#8475,Amit#4552,,345616863146803211,743423378123259956
,,743423378123259956,Amit#4552,akshansh_s#8475,Amit#4552,,345616863146803211,743423378123259956
,,812622783875907594,Mr_Sumit#4596,akshansh_s#8475,Amit#4552,,345616863146803211,743423378123259956
,,759368599940104193,savinay#9966,akshansh_s#8475,Amit#4552,,345616863146803211,743423378123259956
,,,,,,,,
6,Decoders Team,,,,,,,
,,652134127356870670,imbhuvnesh#5243,N30N#0954,Inzii#6004,,743719337109749841,400853386611785728
,,765492890746617867,Anshul#5085,N30N#0954,Inzii#6004,,743719337109749841,400853386611785728
,,809130573851131945,Ishita#9653,N30N#0954,Inzii#6004,,743719337109749841,400853386611785728
,,709241874682085446,mohit#5330,N30N#0954,Inzii#6004,,743719337109749841,400853386611785728
,,709241874682085446,aditi_jindal#4424,N30N#0954,Inzii#6004,,743719337109749841,400853386611785728
,,743719337109749841,N30N#0954,N30N#0954,Inzii#6004,,743719337109749841,400853386611785728
,,717599124429733918,NamanNarula#1631,N30N#0954,Inzii#6004,,743719337109749841,400853386611785728
,,815212149521252352,Aniket#9416,N30N#0954,Inzii#6004,,743719337109749841,400853386611785728
,,400853386611785728,Inzii#6004,N30N#0954,Inzii#6004,,743719337109749841,400853386611785728
,,811569806389936128,akshitMadaan#9545,N30N#0954,Inzii#6004,,743719337109749841,400853386611785728
,,819617958598803476,vinaya#9488,N30N#0954,Inzii#6004,,743719337109749841,400853386611785728
,,510654134454714376,manikanth1811#7545,N30N#0954,Inzii#6004,,743719337109749841,400853386611785728
,,,,,,,,
7,Dauntless On Mission (DOM) Team,,,,,,,
,,691270662563561534,S2R2#2201,S2R2#2201,Srujan#9835,,691270662563561534,808730243602186270
,,743824877315686491,Klaus#6420,S2R2#2201,Srujan#9835,,691270662563561534,808730243602186270
,,697816895755387042,PraveenVerma#8573,S2R2#2201,Srujan#9835,,691270662563561534,808730243602186270
,,757242233647792139,Hardik_Agarwal(P)#9036,S2R2#2201,Srujan#9835,,691270662563561534,808730243602186270
,,796281628988538920,SRP#4007,S2R2#2201,Srujan#9835,,691270662563561534,808730243602186270
,,808730243602186270,Srujan#9835,S2R2#2201,Srujan#9835,,691270662563561534,808730243602186270
,,811412796192849931,nashir#8353,S2R2#2201,Srujan#9835,,691270662563561534,808730243602186270
,,549746698667294721,Sushi#1609,S2R2#2201,Srujan#9835,,691270662563561534,808730243602186270
,,652838959524741141,SWARAJSP#7099,S2R2#2201,Srujan#9835,,691270662563561534,808730243602186270
,,756542906172440647,Nishant#2879 ,S2R2#2201,Srujan#9835,,691270662563561534,808730243602186270
,,715274138113277953,thedestroyer#7550,S2R2#2201,Srujan#9835,,691270662563561534,808730243602186270
,,518450680281956353,Rajdeep#4262,S2R2#2201,Srujan#9835,,691270662563561534,808730243602186270
,,811631239702380574,pooja#3188,S2R2#2201,Srujan#9835,,691270662563561534,808730243602186270
,,,,,,,,
8,Undefined Team,,,,,,,
,,706820473195069490,Adhikram Maitra#2782,NZEC#8952,TechAkhil#2865,,707070909483057212,689358308712513766
,,689358308712513766,TechAkhil#2865,NZEC#8952,TechAkhil#2865,,707070909483057212,689358308712513766
,,705473446380830754,Nishit#6241,NZEC#8952,TechAkhil#2865,,707070909483057212,689358308712513766
,,691559077414830111,DCtron#0256,NZEC#8952,TechAkhil#2865,,707070909483057212,689358308712513766
,,813815112376254494,Abhishek Ahlawat#5889,NZEC#8952,TechAkhil#2865,,707070909483057212,689358308712513766
,,588349375617564682,Unknown(sarthak)#4065,NZEC#8952,TechAkhil#2865,,707070909483057212,689358308712513766
,,625338525025435705,Redskull#6233,NZEC#8952,TechAkhil#2865,,707070909483057212,689358308712513766
,,810139312557260800,heisenberg#6162,NZEC#8952,TechAkhil#2865,,707070909483057212,689358308712513766
,,563783110999801860,Caesar#9326,NZEC#8952,TechAkhil#2865,,707070909483057212,689358308712513766
,,707070909483057212,NZEC#8952,NZEC#8952,TechAkhil#2865,,707070909483057212,689358308712513766
,,763446719975260261,? peka ?#9329,NZEC#8952,TechAkhil#2865,,707070909483057212,689358308712513766
,,703080555440504832,PyPranav#5645,NZEC#8952,TechAkhil#2865,,707070909483057212,689358308712513766
,,741569238808133642,boris#8461,NZEC#8952,TechAkhil#2865,,707070909483057212,689358308712513766
,,,,,,,,
9,Team Blaze,,,,,,,
,,595921693390667777,Blaze#3394,Blaze#3394,p014ri5#4806,,595921693390667777,547110674652856320
,,537348830493016075,pathetic_geek#3070,Blaze#3394,p014ri5#4806,,595921693390667777,547110674652856320
,,752406614069477478,Gourav#0245,Blaze#3394,p014ri5#4806,,595921693390667777,547110674652856320
,,180006574385922048,Shubh#6189,Blaze#3394,p014ri5#4806,,595921693390667777,547110674652856320
,,699257872152002634,AriS#4914,Blaze#3394,p014ri5#4806,,595921693390667777,547110674652856320
,,494784496114073602,mrT4ntr4#4180,Blaze#3394,p014ri5#4806,,595921693390667777,547110674652856320
,,783196737116438578,Welsh Dragon#7568,Blaze#3394,p014ri5#4806,,595921693390667777,547110674652856320
,,547110674652856320,p014ri5#4806,Blaze#3394,p014ri5#4806,,595921693390667777,547110674652856320
,,775834763793268766,phantom0z#0343,Blaze#3394,p014ri5#4806,,595921693390667777,547110674652856320
,,790976735306842123,Trupthi#1121,Blaze#3394,p014ri5#4806,,595921693390667777,547110674652856320
,,715245744038084617,gagroz.exe#5576,Blaze#3394,p014ri5#4806,,595921693390667777,547110674652856320
,,793481584970825778,Naman#6928,Blaze#3394,p014ri5#4806,,595921693390667777,547110674652856320
,,,,,,,,
10,Weeb Developers Team,,,,,,,
,,740527159583440976,! Roysy J üëë#4460,Imtesaal#2364,ahrazarfi#3643,,740611329638793286,456055928568152064
,,704991341809106955,ayuhsri#4741,Imtesaal#2364,ahrazarfi#3643,,740611329638793286,456055928568152064
,,805126201080807424,shreyaspaliwal#6872,Imtesaal#2364,ahrazarfi#3643,,740611329638793286,456055928568152064
,,740812108161089597,Vlad Renczi#5263,Imtesaal#2364,ahrazarfi#3643,,740611329638793286,456055928568152064
,,740611329638793286,Imtesaal#2364,Imtesaal#2364,ahrazarfi#3643,,740611329638793286,456055928568152064
,,699413404275966073,iamanish#4474,Imtesaal#2364,ahrazarfi#3643,,740611329638793286,456055928568152064
,,458635512773607436,RantingNihilist#6448,Imtesaal#2364,ahrazarfi#3643,,740611329638793286,456055928568152064
,,456055928568152064,ahrazarfi#3643,Imtesaal#2364,ahrazarfi#3643,,740611329638793286,456055928568152064
,,777970728997355592,hm#5119,Imtesaal#2364,ahrazarfi#3643,,740611329638793286,456055928568152064
,,493375624040153098,Deepak Maidasani#5523,Imtesaal#2364,ahrazarfi#3643,,740611329638793286,456055928568152064
,,677143319071031296,programmergaurav#7440,Imtesaal#2364,ahrazarfi#3643,,740611329638793286,456055928568152064
,,468159340344508418,Akshay#2448,Imtesaal#2364,ahrazarfi#3643,,740611329638793286,456055928568152064
,,,,,,,,
11,Untitled Team ,,,,,,,
,,643509539467165709,Tanmay#4092,Tanmay#4092,Hardik#8461,,643509539467165709,741914517834825789
,,727769899308548146,DhruvGamer99 #7605,Tanmay#4092,Hardik#8461,,643509539467165709,741914517834825789
,,480625789403136021,Akshay#5867,Tanmay#4092,Hardik#8461,,643509539467165709,741914517834825789
,,741914517834825789,Hardik#8461,Tanmay#4092,Hardik#8461,,643509539467165709,741914517834825789
,,740390559247499336,redgren_grumbholdt#5429,Tanmay#4092,Hardik#8461,,643509539467165709,741914517834825789
,,671500065008910336,goblin#9952,Tanmay#4092,Hardik#8461,,643509539467165709,741914517834825789
,,630446052595466240,Microboy#3937,Tanmay#4092,Hardik#8461,,643509539467165709,741914517834825789
,,581032833334902785,JAADU#9779,Tanmay#4092,Hardik#8461,,643509539467165709,741914517834825789
,,751151170621276180,Rushali#9029,Tanmay#4092,Hardik#8461,,643509539467165709,741914517834825789
,,705447546679590913,sarveshsp#9110,Tanmay#4092,Hardik#8461,,643509539467165709,741914517834825789
,,673584115949240330,Adi_Ve_#0166,Tanmay#4092,Hardik#8461,,643509539467165709,741914517834825789
,,709493170064588951,I'am A.D.#3952,Tanmay#4092,Hardik#8461,,643509539467165709,741914517834825789
,,,,,,,,
13,PearlJoker Team,,,,,,,
,,741734736795533464,pearljoker202#7464,pearljoker202#7464,Nitish#6914,,741734736795533464,650027243640193024
,,432165362281218079,Freakyyyyyyy#7941,pearljoker202#7464,Nitish#6914,,741734736795533464,650027243640193024
,,817264189763616799,Jayesh Choudhari #4394,pearljoker202#7464,Nitish#6914,,741734736795533464,650027243640193024
,,799196514500083732,GaganPotter#8199 ,pearljoker202#7464,Nitish#6914,,741734736795533464,650027243640193024
,,737288772525359175,!WHITe DeVIL!#0530,pearljoker202#7464,Nitish#6914,,741734736795533464,650027243640193024
,,713293192833007626,Niraj(P)#8586,pearljoker202#7464,Nitish#6914,,741734736795533464,650027243640193024
,,816903361122795561,Komal#7616,pearljoker202#7464,Nitish#6914,,741734736795533464,650027243640193024
,,650027243640193024,Nitish#6914,pearljoker202#7464,Nitish#6914,,741734736795533464,650027243640193024
,,452829798960726018,Holt#4358,pearljoker202#7464,Nitish#6914,,741734736795533464,650027243640193024
,,777642479154495508,Silent Watcher,pearljoker202#7464,Nitish#6914,,741734736795533464,650027243640193024
,,780104248486264852,Ansfred#8719,pearljoker202#7464,Nitish#6914,,741734736795533464,650027243640193024
,,752761338689749002,Yoshibokrar22#2836,pearljoker202#7464,Nitish#6914,,741734736795533464,650027243640193024
,,,,,,,,
15,Team Reboot,,,,,,,
,,220439329615380481,ProDoge#4615,ProDoge#4615,Anku729#2012,,220439329615380481,467386369828978688
,,809072503066329168,Vamshi#0329,ProDoge#4615,Anku729#2012,,220439329615380481,467386369828978688
,,811057495438524416,Ankit Singh#4646,ProDoge#4615,Anku729#2012,,220439329615380481,467386369828978688
,,705455360240255089,kvvishnu#7371,ProDoge#4615,Anku729#2012,,220439329615380481,467386369828978688
,,788656373482389504,6rivu#4564,ProDoge#4615,Anku729#2012,,220439329615380481,467386369828978688
,,733628845344948267,MoeedShaik#6084,ProDoge#4615,Anku729#2012,,220439329615380481,467386369828978688
,,818834556840050688,SK#8827,ProDoge#4615,Anku729#2012,,220439329615380481,467386369828978688
,,816151651298967572,Pratik#3568,ProDoge#4615,Anku729#2012,,220439329615380481,467386369828978688
,,781905518506803240, Virat#0364,ProDoge#4615,Anku729#2012,,220439329615380481,467386369828978688
	,,576988416202244096,abhay0808#5659,ProDoge#4615,Anku729#2012,,220439329615380481,467386369828978688
,,806833869038944276,rk2#0374,ProDoge#4615,Anku729#2012,,220439329615380481,467386369828978688
,,467386369828978688,Anku729#2012,ProDoge#4615,Anku729#2012,,220439329615380481,467386369828978688
,,,,,,,,
16,Team Async,,,,,,,
,,752860171428036668,ayush007#3998,Ashirbad #5464,rohan#7273,,342637568124518401,763679327694880778
,,342637568124518401,Ashirbad #5464,Ashirbad #5464,rohan#7273,,342637568124518401,763679327694880778
,,681765477256921115,haider000#5255,Ashirbad #5464,rohan#7273,,342637568124518401,763679327694880778
,,763679327694880778,rohan#7273,Ashirbad #5464,rohan#7273,,342637568124518401,763679327694880778
,,755696276850344016,Swag#3611,Ashirbad #5464,rohan#7273,,342637568124518401,763679327694880778
,,767715898831536138,ashishop#6953,Ashirbad #5464,rohan#7273,,342637568124518401,763679327694880778
,,764371570340397066,Tiyas#6186,Ashirbad #5464,rohan#7273,,342637568124518401,763679327694880778
,,760549077485092954,harsh shah#4083,Ashirbad #5464,rohan#7273,,342637568124518401,763679327694880778
,,697790354514247680,Amrita#3335,Ashirbad #5464,rohan#7273,,342637568124518401,763679327694880778
,,568026778472546305,shovik#2368,Ashirbad #5464,rohan#7273,,342637568124518401,763679327694880778
,,,,,,,,
17,Team Evolving,,,,,,,
,,696282096523673650,yash1908#8654,A?TiTAN#5336,_siddharth_#3031,,725378653336109156,757499608770412656
,,744653675552571404,Vector#2146,A?TiTAN#5336,_siddharth_#3031,,725378653336109156,757499608770412656
,,762148078059913226,crystalpious#0844,A?TiTAN#5336,_siddharth_#3031,,725378653336109156,757499608770412656
,,725378653336109156,A?TiTAN#5336,A?TiTAN#5336,_siddharth_#3031,,725378653336109156,757499608770412656
,,762695929174032405,saksham#2441,A?TiTAN#5336,_siddharth_#3031,,725378653336109156,757499608770412656
,,757499608770412656,_siddharth_#3031,A?TiTAN#5336,_siddharth_#3031,,725378653336109156,757499608770412656
,,699546984213643286,rider provider#7796,A?TiTAN#5336,_siddharth_#3031,,725378653336109156,757499608770412656
,,759352460208242709,SOUMYA#3082,A?TiTAN#5336,_siddharth_#3031,,725378653336109156,757499608770412656
,,511492356847960074,Revenant#9019,A?TiTAN#5336,_siddharth_#3031,,725378653336109156,757499608770412656
,,773826400318521364,PIYUSH SAHU#3534,A?TiTAN#5336,_siddharth_#3031,,725378653336109156,757499608770412656
,,798476395633311764,! Tanmay Bagadia#6110,A?TiTAN#5336,_siddharth_#3031,,725378653336109156,757499608770412656
,,699546984213643286,helix#8244,A?TiTAN#5336,_siddharth_#3031,,725378653336109156,757499608770412656
,,,,,,,,
18,Dark Angel Team,,,,,,,
,,743745980633186387,darkangel#4954,darkangel#4954,Manav#3175,,743745980633186387,531542632321777686
,,700693120546897991,Vivek#1900,darkangel#4954,Manav#3175,,743745980633186387,531542632321777686
,,717956950737813594,Deep.py#8581,darkangel#4954,Manav#3175,,743745980633186387,531542632321777686
,,670310553763184660,Sids#0457,darkangel#4954,Manav#3175,,743745980633186387,531542632321777686
,,295875067890368512,piletap#8479,darkangel#4954,Manav#3175,,743745980633186387,531542632321777686
,,706215302052184154,Wisp#8301,darkangel#4954,Manav#3175,,743745980633186387,531542632321777686
,,690790023317946429,apurvaaaah#2538,darkangel#4954,Manav#3175,,743745980633186387,531542632321777686
,,818782415845589002,Ishan Bhardwaj#6110,darkangel#4954,Manav#3175,,743745980633186387,531542632321777686
,,818830354919849984,Anuj#3037,darkangel#4954,Manav#3175,,743745980633186387,531542632321777686
,,755753348937809940,Vinyas#3241,darkangel#4954,Manav#3175,,743745980633186387,531542632321777686
,,531542632321777686,Manav#3175,darkangel#4954,Manav#3175,,743745980633186387,531542632321777686
,,695503471213805610,devansh_10#9867,darkangel#4954,Manav#3175,,743745980633186387,531542632321777686
,,,,,,,,
19,Rishika Team,,,,,,,
,,778651373302054922,noobietales#9102,rishika#2147,Qwerty#7349,,719248075499241514,719247690374053951
,,734994100608040980,Captaincool96#0433,rishika#2147,Qwerty#7349,,719248075499241514,719247690374053951
,,719247690374053951,Qwerty#7349,rishika#2147,Qwerty#7349,,719248075499241514,719247690374053951
,,546303787275517954,anmol#9102,rishika#2147,Qwerty#7349,,719248075499241514,719247690374053951
,,719248075499241514,rishika#2147,rishika#2147,Qwerty#7349,,719248075499241514,719247690374053951
,,445124292917592064,lzi#4399,rishika#2147,Qwerty#7349,,719248075499241514,719247690374053951
,,762546551507124224,Hrishita Paul#1203,rishika#2147,Qwerty#7349,,719248075499241514,719247690374053951
,,158789958948225024,Soap#7728,rishika#2147,Qwerty#7349,,719248075499241514,719247690374053951
,,820522154470670336,Arun_kumar#0242,rishika#2147,Qwerty#7349,,719248075499241514,719247690374053951
,,756038546329960499,Nikhil2800#7944,rishika#2147,Qwerty#7349,,719248075499241514,719247690374053951
,,727888921840713761,imessinate#5644,rishika#2147,Qwerty#7349,,719248075499241514,719247690374053951
,,765271866851196988,Alchemist#0324,rishika#2147,Qwerty#7349,,719248075499241514,719247690374053951
,,,,,,,,
20,Team Phoenix,,,,,,,
,,784109594623606804,Pradhumn Sharma#6587,Rachit#6395,Ballistic Dreamer#3485,,783948401981128725,783948122031259648
,,783948110619082773,kushagra#0508,Rachit#6395,Ballistic Dreamer#3485,,783948401981128725,783948122031259648
,,784466928303341659,Aameliaa2045,Rachit#6395,Ballistic Dreamer#3485,,783948401981128725,783948122031259648
,,783948401981128725,Rachit#6395,Rachit#6395,Ballistic Dreamer#3485,,783948401981128725,783948122031259648
,,431532381326016552,wonder uj#9829,Rachit#6395,Ballistic Dreamer#3485,,783948401981128725,783948122031259648
,,783945620750336021,Khush_#4964,Rachit#6395,Ballistic Dreamer#3485,,783948401981128725,783948122031259648
,,800046827835097158,ritika#2783,Rachit#6395,Ballistic Dreamer#3485,,783948401981128725,783948122031259648
,,784274773068218368,illusion19#0860,Rachit#6395,Ballistic Dreamer#3485,,783948401981128725,783948122031259648
,,783948122031259648,Ballistic Dreamer#3485,Rachit#6395,Ballistic Dreamer#3485,,783948401981128725,783948122031259648
,,783946557334093844,Rahul Dubey,Rachit#6395,Ballistic Dreamer#3485,,783948401981128725,783948122031259648
,,808734014537334795,Muku#8696,Rachit#6395,Ballistic Dreamer#3485,,783948401981128725,783948122031259648
,,783945983335071815,aayush#3774,Rachit#6395,Ballistic Dreamer#3485,,783948401981128725,783948122031259648
,,,,,,,,
21,Falcons Team,,,,,,,
,,274084359232028675,A7harva#8999,Chaitanya#8866,Ashutosh#1093,,802557348027301892,796214363262025728
,,807102371464871957,Laxman Singh Saini#2769,Chaitanya#8866,Ashutosh#1093,,802557348027301892,796214363262025728
,,784376189086466050,RahuL#3737,Chaitanya#8866,Ashutosh#1093,,802557348027301892,796214363262025728
,,795583617085472828,JUMBO#6427,Chaitanya#8866,Ashutosh#1093,,802557348027301892,796214363262025728
,,802557348027301892,Chaitanya#8866,Chaitanya#8866,Ashutosh#1093,,802557348027301892,796214363262025728
,,784650699086102568,Harsh Pratap Singh #4296,Chaitanya#8866,Ashutosh#1093,,802557348027301892,796214363262025728
,,796214363262025728,Ashutosh#1093,Chaitanya#8866,Ashutosh#1093,,802557348027301892,796214363262025728
,,784108614075678741,Ajeet Singh#4225,Chaitanya#8866,Ashutosh#1093,,802557348027301892,796214363262025728
,,785112688463970335,PINCHU_PANDA#7648,Chaitanya#8866,Ashutosh#1093,,802557348027301892,796214363262025728
,,783946622824480769,adarsh17#2764,Chaitanya#8866,Ashutosh#1093,,802557348027301892,796214363262025728
,,784424764021669949,anshul#7222,Chaitanya#8866,Ashutosh#1093,,802557348027301892,796214363262025728
,,817752619103551488,Dayanand#4526,Chaitanya#8866,Ashutosh#1093,,802557348027301892,796214363262025728
,,,,,,,,
22,Ruved Team,,,,,,,
,,814084094861639680,Aish#4180,ruved#2833,!! Roysy#4460',,772090917649252352,740527159583440976
,,754945862547013724,kunnu#6857,ruved#2833,!! Roysy#4460,,772090917649252352,740527159583440976
,,740527159583440976,!! Roysy#4460,ruved#2833,!! Roysy#4460,,772090917649252352,740527159583440976
,,772090917649252352,trevor05#1869,ruved#2833,!! Roysy#4460,,772090917649252352,740527159583440976
,,772090917649252352,ruved#2833,ruved#2833,!! Roysy#4460,,772090917649252352,740527159583440976
,,545320459038883855,JJS_Jasjappan Singh#,ruved#2833,!! Roysy#4460,,772090917649252352,740527159583440976
,,587244031541510161,randomcreativename#8657,ruved#2833,!! Roysy#4460,,772090917649252352,740527159583440976
,,817732395594809357,harsh8055#8036,ruved#2833,!! Roysy#4460,,772090917649252352,740527159583440976
,,611110384153264129,black#0915,ruved#2833,!! Roysy#4460,,772090917649252352,740527159583440976
,,811173798250414120,FARHAN#5602,ruved#2833,!! Roysy#4460,,772090917649252352,740527159583440976
,,692320631735451739,Ashish karangale#6818,ruved#2833,!! Roysy#4460,,772090917649252352,740527159583440976
,,819579221466808331,Vishweshvaran m,ruved#2833,!! Roysy#4460,,772090917649252352,740527159583440976
,,,,,,,,
23,Cicada 3301 Team,,,,,,,
,,679661260132188164,CyFun#6640,lallan top#7582,CyFun#6640,,777540619118968833,679661260132188164
,,777540619118968833,lallan top#7582,lallan top#7582,CyFun#6641,,777540619118968833,679661260132188164
,,694996625214537768,(JC4)Dragon Deed#2282,lallan top#7582,CyFun#6642,,777540619118968833,679661260132188164
,,452913204302053418,Davortex#4408,lallan top#7582,CyFun#6643,,777540619118968833,679661260132188164
,,784290013176397824,Ash21#8424,lallan top#7582,CyFun#6644,,777540619118968833,679661260132188164
,,784260671356534794,Renesmee 28#6873,lallan top#7582,CyFun#6645,,777540619118968833,679661260132188164
,,762922354300813342,s4dr0t1#3454,lallan top#7582,CyFun#6646,,777540619118968833,679661260132188164
,,784260671356534794,Abee yrr#6152,lallan top#7582,CyFun#6647,,777540619118968833,679661260132188164
,,794641404281225317,Ruhang#0596,lallan top#7582,CyFun#6648,,777540619118968833,679661260132188164
,,767273107475005471,Paritosh Shukla #1319,lallan top#7582,CyFun#6649,,777540619118968833,679661260132188164
,,783691784441167882,Sourav#7832,lallan top#7582,CyFun#6650,,777540619118968833,679661260132188164
,,794638156867567646,kratik manker#8025,lallan top#7582,CyFun#6651,,777540619118968833,679661260132188164
,,,,,,,,
25,Celestial Brains  Team,,,,,,,
,,665182844573712410,dgd#0919,BeardedOwl#2311,dgd#0919,,701350507712872509,665182844573712410
,,752218721455702078,dddg02,BeardedOwl#2311,dgd#0920,,701350507712872509,665182844573712410
,,559386291817414666,Gautam Garg#1208,BeardedOwl#2311,dgd#0922,,701350507712872509,665182844573712410
,,292516666707935232,FaLx,BeardedOwl#2311,dgd#0923,,701350507712872509,665182844573712410
,,707311767918870571,!Udit#8816,BeardedOwl#2311,dgd#0924,,701350507712872509,665182844573712410
,,701350507712872509,BeardedOwl#2311,BeardedOwl#2311,dgd#0926,,701350507712872509,665182844573712410
,,654172824831000598,Nikhil(P)#1063,BeardedOwl#2311,dgd#0930,,701350507712872509,665182844573712410
,,531807091803947019,nervebody#9525,BeardedOwl#2311,dgd#0930,,701350507712872509,665182844573712410
,,423038828388024330,Abhishek701#1157,BeardedOwl#2311,dgd#0930,,701350507712872509,665182844573712410
,,761081623173136406,Surajspasm_18#7586,BeardedOwl#2311,dgd#0930,,701350507712872509,665182844573712410
,,,,,,,,
26,ChesterKing Team,,,,,,,
,,657968573024829440,Chesterking#6969,Chesterking#6969,Carryyy07#0007,,657968573024829440,677823298901639189
,,378127984831365124,Mr.Walker#0007,Chesterking#6969,Carryyy07#0007,,657968573024829440,677823298901639189
,,677823298901639189,Carryyy07#0007,Chesterking#6969,Carryyy07#0007,,657968573024829440,677823298901639189
,,677781530130644992,Vasav#3497,Chesterking#6969,Carryyy07#0007,,657968573024829440,677823298901639189
,,715463201306837066,suvigya#0537,Chesterking#6969,Carryyy07#0007,,657968573024829440,677823298901639189
,,729358247202521109,ananya672#5625,Chesterking#6969,Carryyy07#0007,,657968573024829440,677823298901639189
,,729339843120988160,Rashi#8666,Chesterking#6969,Carryyy07#0007,,657968573024829440,677823298901639189
,,818777684325695499,Saman#8577,Chesterking#6969,Carryyy07#0007,,657968573024829440,677823298901639189
,,692673637790253086,veeteehimself#0932,Chesterking#6969,Carryyy07#0007,,657968573024829440,677823298901639189
,,728462516564262993,thegolumehra#1140,Chesterking#6969,Carryyy07#0007,,657968573024829440,677823298901639189
,,730114656445661204,Shobhit_Kumar(P)#9419,Chesterking#6969,Carryyy07#0007,,657968573024829440,677823298901639189
,,503483165898440709,Tarzan#9895,Chesterking#6969,Carryyy07#0007,,657968573024829440,677823298901639189
,,,,,,,,
27,Perseverance Team,,,,,,,
,,774306412855164948,Slang#1896,Slang#1896,Aman kumar#6340,,774306412855164948,779709529599901747
,,808971424340639774,MorningStar#4785,Slang#1896,Aman kumar#6341,,774306412855164948,779709529599901747
,,711499200164265984,adikansara.01#1643,Slang#1896,Aman kumar#6344,,774306412855164948,779709529599901747
,,809763459058761789,Viniket#2587,Slang#1896,Aman kumar#6345,,774306412855164948,779709529599901747
,,794317069184270346,elprofessor7#3494,Slang#1896,Aman kumar#6346,,774306412855164948,779709529599901747
,,296954311647166465,REC3KER#3532,Slang#1896,Aman kumar#6347,,774306412855164948,779709529599901747
,,794436352330432574,BabaYaga#9695,Slang#1898,Aman kumar#6357,,774306412855164948,779709529599901747
,,779709529599901747,Aman Kumar#6346,Slang#1898,Aman kumar#6357,,774306412855164948,779709529599901747
,,791372657064804414,RIO üí´#0804,Slang#1898,Aman kumar#6357,,774306412855164948,779709529599901747
,,,,,,,,
31,Sanskar Team,,,,,,,
,,561077433109970974,Yashdixit07#5990,Sanskar Aggarwal#0579,Vaishnavi#9055,,577774221036486657,750383605800370300
,,577774221036486657,Sanskar Aggarwal#0579,Sanskar Aggarwal#0579,Vaishnavi#9055,,577774221036486657,750383605800370300
,,615523394380627973,Devashish#2008,Sanskar Aggarwal#0579,Vaishnavi#9055,,577774221036486657,750383605800370300
,,750383605800370300,Vaishnavi#9055,Sanskar Aggarwal#0579,Vaishnavi#9055,,577774221036486657,750383605800370300
,,756860206948024320,Vansh_29#7261,Sanskar Aggarwal#0579,Vaishnavi#9055,,577774221036486657,750383605800370300
,,773128811318738954,Prashant#9680,Sanskar Aggarwal#0579,Vaishnavi#9055,,577774221036486657,750383605800370300
,,787027331277520956,onika yadav#1798,Sanskar Aggarwal#0579,Vaishnavi#9055,,577774221036486657,750383605800370300
,,507961107927924804,! chaitanya#1185,Sanskar Aggarwal#0579,Vaishnavi#9055,,577774221036486657,750383605800370300
,,735052310849388596,Aryansingh#4048,Sanskar Aggarwal#0579,Vaishnavi#9055,,577774221036486657,750383605800370300
,,704291812134879302,sakshi#7586,Sanskar Aggarwal#0579,Vaishnavi#9055,,577774221036486657,750383605800370300
,,,,,,,,
32,KND Team,,,,,,,
,,466662074534068225,KeyBored#5720,"KeyBored#5720",Soleslayer#1675,,466662074534068225,680770206649679874
,,443806431074844692,D3STR0#2464,KeyBored#5720,Soleslayer#1675,,466662074534068225,680770206649679874
,,691941106828574729,Harsh1728#4138,KeyBored#5720,Soleslayer#1675,,466662074534068225,680770206649679874
,,388604711160381440,KND ihatephysics,KeyBored#5720,Soleslayer#1675,,466662074534068225,680770206649679874
,,400599507886145537,Retard#7115,KeyBored#5720,Soleslayer#1675,,466662074534068225,680770206649679874
,,700018752535920670,triCkyMinD#1377,KeyBored#5720,Soleslayer#1675,,466662074534068225,680770206649679874
,,692474328259756043,osxcrucifix#9044,KeyBored#5720,Soleslayer#1675,,466662074534068225,680770206649679874
,,680770206649679874,superdoc#6592,KeyBored#5720,Soleslayer#1675,,466662074534068225,680770206649679874
,,699271249708187698,Falsifier#0954,"KeyBored#5720",Soleslayer#1675,,466662074534068225,680770206649679874
,,699860095177326682,brainplay.#2055,"KeyBored#5720",Soleslayer#1675,,466662074534068225,680770206649679874
,,699911684629725194,p-zzz#6068,KeyBored#5720,Soleslayer#1675,,466662074534068225,680770206649679874
,,680770206649679874,"Soleslayer#1675",KeyBored#5720,Soleslayer#1675,,466662074534068225,680770206649679874
,,,,,,,,
33,UAV Team,,,,,,,
,,724156112487579669,Sam_2001#1579,Vedansh Kumar Gupta#7689,Utkarsh#1044,,696994168815485000,756939585270972590
,,760634065468129350,GABBRU#6568,Vedansh Kumar Gupta#7689,Utkarsh#1044,,696994168815485000,756939585270972590
,,749519925835464755,rmn#6895,Vedansh Kumar Gupta#7689,Utkarsh#1044,,696994168815485000,756939585270972590
,,646350886494404619,Kpratyush12#4827,Vedansh Kumar Gupta#7689,Utkarsh#1044,,696994168815485000,756939585270972590
,,707947370041704449,aman#2778,Vedansh Kumar Gupta#7689,Utkarsh#1044,,696994168815485000,756939585270972590
,,813676269081329684,Pritam1Das#4094,Vedansh Kumar Gupta#7689,Utkarsh#1044,,696994168815485000,756939585270972590
,,696994168815485000,Vedansh Kumar Gupta#7689,Vedansh Kumar Gupta#7689,Utkarsh#1044,,696994168815485000,756939585270972590
,,756939585270972590,Utkarsh#1044,Vedansh Kumar Gupta#7689,Utkarsh#1044,,696994168815485000,756939585270972590
,,773062050460467221,AzerapheLOP#7248,Vedansh Kumar Gupta#7689,Utkarsh#1044,,696994168815485000,756939585270972590
,,819584444142059551,Ira#5326,Vedansh Kumar Gupta#7689,Utkarsh#1044,,696994168815485000,756939585270972590
,,819263838591385612,yash mavi#6407,Vedansh Kumar Gupta#7689,Utkarsh#1044,,696994168815485000,756939585270972590
,,756193521316135154,girish_sharma#6304,Vedansh Kumar Gupta#7689,Utkarsh#1044,,696994168815485000,756939585270972590
,,791325449157738516,Tanya Mittal#1593,Vedansh Kumar Gupta#7689,Utkarsh#1044,,696994168815485000,756939585270972590
,,,,,,,,
37,Team Hydrogen,,,,,,,
,,809040381688807434,sanctum007#0203,sanctum007#0203,Pranendu(P)#8975,,809040381688807434,674928757311537172
,,697745969374036068,[NIN]BÔøΩA$T#1055,sanctum007#0203,Pranendu(P)#8975,,809040381688807434,674928757311537172
,,764138953946693683,pranavgarg#7600,sanctum007#0203,Pranendu(P)#8975,,809040381688807434,674928757311537172
,,766277996126142535,shubhammishra#5708,sanctum007#0203,Pranendu(P)#8975,,809040381688807434,674928757311537172
,,817701832801124372,alphalazy#7990,sanctum007#0203,Pranendu(P)#8975,,809040381688807434,674928757311537172
,,699334767480537240,Zaheer Abbas#3877,sanctum007#0203,Pranendu(P)#8975,,809040381688807434,674928757311537172
,,674928757311537172,Pranendu(P)#8975,sanctum007#0203,Pranendu(P)#8975,,809040381688807434,674928757311537172
,,367965088524533761,KiRuA#7187,sanctum007#0203,Pranendu(P)#8975,,809040381688807434,674928757311537172
,,708014560828850247,Srijan#4166,sanctum007#0203,Pranendu(P)#8975,,809040381688807434,674928757311537172
,,717386633548267520,Nicolette#4484,sanctum007#0203,Pranendu(P)#8976,,809040381688807434,674928757311537172
,,792364141670039564,m_shubhasai#4026,sanctum007#0203,Pranendu(P)#8977,,809040381688807434,674928757311537172
,,,,,,,,
42,Rax Team,,,,,,,
,,508988780770754580,rax11#4982,rax11#4982,No[o]One#4445,,508988780770754580,448050940591865866
,,759060835464118312,tushar#3560,rax11#4982,No[o]One#4445,,508988780770754580,448050940591865866
,,818922077255499846,chandragupta#7189,rax11#4982,No[o]One#4445,,508988780770754580,448050940591865866
,,531189430917136417,nikhil#2889,rax11#4982,No[o]One#4445,,508988780770754580,448050940591865866
,,755845658740785334,P0p3ye#6883 ,rax11#4982,No[o]One#4445,,508988780770754580,448050940591865866
,,818820917621948427,Sushma H#7385,rax11#4982,No[o]One#4445,,508988780770754580,448050940591865866
,,822904353961541683,abhijeet kar#2337,rax11#4982,No[o]One#4445,,508988780770754580,448050940591865866
,,630686815736692746,!ŒûPAX„ã°#2215,rax11#4982,No[o]One#4445,,508988780770754580,448050940591865866
,,448050940591865866,No[o]One#4445,rax11#4982,No[o]One#4445,,508988780770754580,448050940591865866
,,691310258727026698,Ironman007#6524,rax11#4982,No[o]One#4445,,508988780770754580,448050940591865866
,,,,,,,,
44,Focused Team,,,,,,,
,,727764054847914035,Foccused#0604,Knshika#0003,divine_soul#5359,,763434164292288514,736866055087194146
,,599582119282606086,KafKa#1839,Knshika#0003,divine_soul#5359,,763434164292288514,736866055087194146
,,763434164292288514,Knshika#0003,Knshika#0003,divine_soul#5359,,763434164292288514,736866055087194146
,,736866055087194146,divine_soul#5359,Knshika#0003,divine_soul#5359,,763434164292288514,736866055087194146
,,691670130605817858,Jedi#9008,Knshika#0003,divine_soul#5359,,763434164292288514,736866055087194146
,,820665141300690954,Anurag026#1126,Knshika#0003,divine_soul#5359,,763434164292288514,736866055087194146
,,745599733464170566,shubbi‚ù§#7850,Knshika#0003,divine_soul#5359,,763434164292288514,736866055087194146
,,808952583494041631,Depayan Mondal#9912,Knshika#0003,divine_soul#5359,,763434164292288514,736866055087194146
,,742759637790621786,Suresh2001#2583,Knshika#0003,divine_soul#5359,,763434164292288514,736866055087194146
,,811558147734503485,Chiragk#2294,Knshika#0003,divine_soul#5359,,763434164292288514,736866055087194146
,,708336474751238175,bigO#6750,Knshika#0003,divine_soul#5359,,763434164292288514,736866055087194146
,,771403414256353280,Aman Malviya#5917,Knshika#0003,divine_soul#5359,,763434164292288514,736866055087194146
,,,,,,,,
45,ABC Team,,,,,,,
,,819663314824462377,Nancy_18#6295,akash.sethi16#5645,Devendra Nath Gupta#0040,KIET,818851871665422436,818837960111816715
,,818830354919849984,anuj#0252,akash.sethi16#5645,Devendra Nath Gupta#0041,KIET,818851871665422436,818837960111816715
,,818837960111816715,Devendra Nath Gupta#0040,akash.sethi16#5645,Devendra Nath Gupta#0042,KIET,818851871665422436,818837960111816715
,,818771979582570506,vipulthakur#0779,akash.sethi16#5645,Devendra Nath Gupta#0043,KIET,818851871665422436,818837960111816715
,,818851871665422436,akash.sethi16#5645,akash.sethi16#5645,Devendra Nath Gupta#0044,KIET,818851871665422436,818837960111816715
,,818803117726367754,Harshit Srivastava#2192,akash.sethi16#5645,Devendra Nath Gupta#0045,KIET,818851871665422436,818837960111816715
,,818826541445939231,anmolchopra#0179,akash.sethi16#5645,Devendra Nath Gupta#0046,KIET,818851871665422436,818837960111816715
,,820301805950730250,Harshit#6833,akash.sethi16#5645,Devendra Nath Gupta#0047,,818851871665422436,818837960111816715
,,,,,,,,
46,Tech Seekers Team,,,,,,,
,,818864631531044944,Divya#3048,Enfoir√©#5606,rahul | KIET#9665,KIET,743353911103979661,720128703803293778
,,701694024523841566,Mansi#1480,Enfoir√©#5606,rahul | KIET#9666,KIET,743353911103979661,720128703803293778
,,743353911103979661,Enfoir√©#5606,Enfoir√©#5606,rahul | KIET#9667,KIET,743353911103979661,720128703803293778
,,818829275264319548,Raghav_goel#3293,Enfoir√©#5606,rahul | KIET#9668,KIET,743353911103979661,720128703803293778
,,818792335756230688,Rishabh#5016,Enfoir√©#5606,rahul | KIET#9669,KIET,743353911103979661,720128703803293778
,,818787886169325578,Torsa Naidu#8659,Enfoir√©#5606,rahul | KIET#9670,KIET,743353911103979661,720128703803293778
,,818772501181890562,Anjali#0605,Enfoir√©#5606,rahul | KIET#9671,KIET,743353911103979661,720128703803293778
,,766572901611995166,Devanshde#8024,Enfoir√©#5606,rahul | KIET#9672,KIET,743353911103979661,720128703803293778
,,794863717241192448,tushargarg01#1724,Enfoir√©#5606,rahul | KIET#9673,KIET,743353911103979661,720128703803293778
,,720128703803293778,rahul | KIET#9665,Enfoir√©#5606,rahul | KIET#9674,KIET,743353911103979661,720128703803293778
,,710938456905220136,piplup#6975,Enfoir√©#5606,rahul | KIET#9675,KIET,743353911103979661,720128703803293778
,,819605432372166677,Rajkumar#0914,Enfoir√©#5606,rahul | KIET#9676,KIET,743353911103979661,720128703803293778
,,,,,,,,
47,Hack-una Matata Team,,,,,,,
,,697502431013240862,Deepanshu Aggarwal#8505,anupam#6628,Deepanshu Aggarwal#8505,KIET,818806168607653908,697502431013240862
,,751084695336386560,nandini_3658#0751,anupam#6628,Deepanshu Aggarwal#8506,KIET,818806168607653908,697502431013240862
,,722000431848620043,Aayushi#3589,anupam#6628,Deepanshu Aggarwal#8507,KIET,818806168607653908,697502431013240862
,,734124483647897731,Jhanvi Agarwal#6822,anupam#6628,Deepanshu Aggarwal#8508,KIET,818806168607653908,697502431013240862
,,773090755240787968,TheodoreMosby#2234,anupam#6628,Deepanshu Aggarwal#8509,KIET,818806168607653908,697502431013240862
,,818866525908893737,kritik_koolz#1956,anupam#6628,Deepanshu Aggarwal#8510,KIET,818806168607653908,697502431013240862
,,803983389908008960,Ahmtastic#7126,anupam#6628,Deepanshu Aggarwal#8511,KIET,818806168607653908,697502431013240862
,,818859631828271126,Navya#0832,anupam#6628,Deepanshu Aggarwal#8512,KIET,818806168607653908,697502431013240862
,,754392985927417878,Shivangi#9324,anupam#6628,Deepanshu Aggarwal#8514,KIET,818806168607653908,697502431013240862
,,819076892039839764,priyesh0000#7956,anupam#6628,Deepanshu Aggarwal#8514,KIET,818806168607653908,697502431013240862
,,819231623979466783,Lashika#3402,anupam#6628,Deepanshu Aggarwal#8514,KIET,818806168607653908,697502431013240862
,,818806168607653908,anupam#6628,anupam#6628,Deepanshu Aggarwal#8514,KIET,774306412855164948,779709529599901747
,,,,,,,,
48,Unplugged Team,,,,,,,
,,818886352166715423,darshika_10#1051,Avanish#5089,Tarun#4876,KIET,818907586778497106,733363131664826369
,,818894684767780906,neeraj_08#6234,Avanish#5089,Tarun#4876,KIET,818907586778497106,733363131664826369
,,799156516644716584,DE_ARYA#4787,Avanish#5089,Tarun#4876,KIET,818907586778497106,733363131664826369
,,534299199466897409,aditya803#3622,Avanish#5089,Tarun#4876,KIET,818907586778497106,733363131664826369
,,545982100151599105,Unplugged #3710,Avanish#5089,Tarun#4876,KIET,818907586778497106,733363131664826369
,,818907586778497106,Avanish#5089,Avanish#5089,Tarun#4876,KIET,818907586778497106,733363131664826369
,,756222663441121303,triiivedi#3430,Avanish#5089,Tarun#4876,KIET,818907586778497106,733363131664826369
,,756354777595510856,Amit Kr. Thakur#9612,Avanish#5089,Tarun#4876,KIET,818907586778497106,733363131664826369
,,733363131664826369,Tarun#4876,Avanish#5089,Tarun#4876,KIET,818907586778497106,733363131664826369
,,534297317604589568,itachi_uchiha#6019,Avanish#5089,Tarun#4876,KIET,818907586778497106,733363131664826369
,,818771925341569084,arihant jain#4935,Avanish#5089,Tarun#4876,KIET,818907586778497106,733363131664826369
,,,,,,,,
49,Dark Techies Team,,,,,,,
,,745173987470082148,Anushka Sharma#9066,Anushka Sharma#9066,Oron#1033,KIET,745173987470082148,362128123262926849
,,752878663552204941,Sakshmika Agarwal#5727,Anushka Sharma#9066,Oron#1034,KIET,745173987470082148,362128123262926849
,,716239244619677716,Saumya Bathla#6818,Anushka Sharma#9066,Oron#1035,KIET,745173987470082148,362128123262926849
,,800180781690912838,shukla_23#2562,Anushka Sharma#9066,Oron#1036,KIET,745173987470082148,362128123262926849
,,819184873432416286,Nikita Sharma,Anushka Sharma#9066,Oron#1037,KIET,745173987470082148,362128123262926849
,,819126367022743582,anshay#4602,Anushka Sharma#9066,Oron#1038,KIET,745173987470082148,362128123262926849
,,362128123262926849,Oron#1033,Anushka Sharma#9066,Oron#1039,KIET,745173987470082148,362128123262926849
,,673906087249969172,shubham jaiswal#8357,Anushka Sharma#9066,Oron#1040,KIET,745173987470082148,362128123262926849
,,819152422324666368,kakarot#0152,Anushka Sharma#9066,Oron#1041,KIET,745173987470082148,362128123262926849
,,819128353663615007,Shivam yadav#9211,Anushka Sharma#9066,Oron#1042,KIET,745173987470082148,362128123262926849
,,758218702335246378,Udisha#2380,Anushka Sharma#9066,Oron#1043,KIET,745173987470082148,362128123262926849
,,,,,,,,
50,Team Bots,,,,,,,
,,738063029106901143,Yash Chaturvedi#3799,Chirag23#3008,Naveen Kumar Tiwari#1236,KIET,707239760921362472,757646387625066588
,,757646387625066588,Naveen Kumar Tiwari#1236,Chirag23#3009,Naveen Kumar Tiwari#1237,KIET,707239760921362472,757646387625066588
,,705110779858256052,priyank#0908,Chirag23#3010,Naveen Kumar Tiwari#1238,KIET,707239760921362472,757646387625066588
,,708925729487847446,Abhishek Singh#5278,Chirag23#3011,Naveen Kumar Tiwari#1239,KIET,707239760921362472,757646387625066588
,,707239760921362472,Chirag23#3008,Chirag23#3012,Naveen Kumar Tiwari#1240,KIET,707239760921362472,757646387625066588
,,819051236216012800,abhiyash_singh#7576,Chirag23#3013,Naveen Kumar Tiwari#1241,KIET,707239760921362472,757646387625066588
,,818910776126472225,Prabal Katiyar#6361,Chirag23#3014,Naveen Kumar Tiwari#1242,KIET,707239760921362472,757646387625066588
,,452389221252988939,atulalexander#4794,Chirag23#3015,Naveen Kumar Tiwari#1243,KIET,707239760921362472,757646387625066588
,,,,,,,,
51,Obsidian Fury Team,,,,,,,
,,752222206595039292,Shadow_Walker#2737,Shadow_Walker#2737,ac1616#4812,KIET,752222206595039292,531179708591636492
,,765929925004886047,hellboyAnimesh#0237,Shadow_Walker#2738,ac1616#4813,KIET,752222206595039292,531179708591636492
,,531179708591636492,ac1616#4812,Shadow_Walker#2739,ac1616#4814,KIET,752222206595039292,531179708591636492
,,771666788445454376,Anandita_Bajpai#9185,Shadow_Walker#2740,ac1616#4815,KIET,752222206595039292,531179708591636492
,,819145224101167105,ABHINAV_SAXENA#1585,Shadow_Walker#2741,ac1616#4816,KIET,752222206595039292,531179708591636492
,,534415162178797570,Aman Kansal (P) #5703,Shadow_Walker#2742,ac1616#4817,KIET,752222206595039292,531179708591636492
,,819125402877296650,astitvagupta#2353,Shadow_Walker#2743,ac1616#4818,KIET,752222206595039292,531179708591636492
,,769982125105086506,KushagraSrivastava#6113,Shadow_Walker#2744,ac1616#4819,KIET,752222206595039292,531179708591636492
,,642744418784247818,AnshSinha#2973,Shadow_Walker#2745,ac1616#4820,KIET,752222206595039292,531179708591636492
,,702973317862129766,mani__garg#9115,Shadow_Walker#2746,ac1616#4821,KIET,752222206595039292,531179708591636492
,,754747325662101524,Akash Kumar#6988,Shadow_Walker#2747,ac1616#4822,KIET,752222206595039292,531179708591636492
,,640551669205041162,DEEPANK#4171,Shadow_Walker#2748,ac1616#4823,KIET,752222206595039292,531179708591636492
,,,,,,,,
52,Electron Technocrats Team,,,,,,,
,,735836178326093927,Harshita#6156,Harshita#6156,Sachin#5724,KIET,735836178326093927,810056341083258920
,,724303609851805727,Isha Mudgal#3732,Harshita#6156,Sachin#5724,KIET,735836178326093927,810056341083258920
,,718761261537427478,Muskaan#1594,Harshita#6156,Sachin#5724,KIET,735836178326093927,810056341083258920
,,719223122489901078,Thegreathm#9085,Harshita#6156,Sachin#5724,KIET,735836178326093927,810056341083258920
,,812980793277939783,disha05#3115,Harshita#6156,Sachin#5724,KIET,735836178326093927,810056341083258920
,,796419049599795200,jwick_935#9867,Harshita#6156,Sachin#5724,KIET,735836178326093927,810056341083258920
,,796633317368791101,sourabh#1002,Harshita#6156,Sachin#5724,KIET,735836178326093927,810056341083258920
,,647693937284218901,Shubhamgupta#9024,Harshita#6156,Sachin#5724,KIET,735836178326093927,810056341083258920
,,810056341083258920,Sachin#5724,Harshita#6156,Sachin#5724,KIET,735836178326093927,810056341083258920
,,809509547470880818,dhrugarg#1391,Harshita#6156,Sachin#5724,KIET,735836178326093927,810056341083258920
,,,,,,,,
53,Thunderbird Lightning Team,,,,,,,
,,729372656180133979,goodFella#4673,goodFella#4673,vedant#4850,KIET,729372656180133979,760148330322985033
,,819461875317473302,Abhishek Chaudhary#4351,goodFella#4673,vedant#4851,KIET,729372656180133979,760148330322985033
,,819076560015196160,Aditya Gupta#7358,goodFella#4673,vedant#4852,KIET,729372656180133979,760148330322985033
,,819153545915662379,Abhinav#8299,goodFella#4673,vedant#4853,KIET,729372656180133979,760148330322985033
,,819582125523075083,ayush.parashar#9687,goodFella#4673,vedant#4854,KIET,729372656180133979,760148330322985033
,,819582369480441866,Ashutosh.mishra#1577,goodFella#4673,vedant#4855,KIET,729372656180133979,760148330322985033
,,819094479159820289,guptaaman155#4866,goodFella#4673,vedant#4856,KIET,729372656180133979,760148330322985033
,,756135715191914568,prakhar_srivastava#7917,goodFella#4673,vedant#4857,KIET,729372656180133979,760148330322985033
,,760148330322985033,vedant#4850,goodFella#4673,vedant#4858,KIET,729372656180133979,760148330322985033
,,754704174733590588,alpha#5797,goodFella#4673,vedant#4859,KIET,729372656180133979,760148330322985033
,,819453417713958924,Akash_Awasthi#1249,goodFella#4673,vedant#4860,KIET,729372656180133979,760148330322985033
,,637169013507751946,Rishhub#4784,goodFella#4673,vedant#4858,KIET,729372656180133979,760148330322985033
,,,,,,,,
54,Team Geeks ,,,,,,,
,,818778855972143156,Pulkit#9507,mr_rohit#4596,Divyam Arora#9242,KIET,700576409961234464,818830772700971069
,,700576409961234464,mr_rohit#4596,mr_rohit#4596,Divyam Arora#9242,KIET,700576409961234464,818830772700971069
,,819073491428442136,anusha#4025,mr_rohit#4596,Divyam Arora#9242,KIET,700576409961234464,818830772700971069
,,819078290337169420,saumya#8685,mr_rohit#4596,Divyam Arora#9242,KIET,700576409961234464,818830772700971069
,,555833715377438927,shashank_shukla#0595,mr_rohit#4596,Divyam Arora#9242,KIET,700576409961234464,818830772700971069
,,818830772700971069,Divyam Arora#9242,mr_rohit#4596,Divyam Arora#9242,KIET,700576409961234464,818830772700971069
,,759120547954688020,Shaurya chaudhary#7265,mr_rohit#4596,Divyam Arora#9242,KIET,700576409961234464,818830772700971069
,,818877658263846943,Anubhav Choudhary#5463,mr_rohit#4596,Divyam Arora#9242,KIET,700576409961234464,818830772700971069
,,818912606148100137,Shivangi Pandey#2592,mr_rohit#4596,Divyam Arora#9242,KIET,700576409961234464,818830772700971069
,,818887727763292161,Sumant#8060,mr_rohit#4596,Divyam Arora#9242,KIET,700576409961234464,818830772700971069
,,819076468583038977,ritiksha000#8650,mr_rohit#4596,Divyam Arora#9242,KIET,700576409961234464,818830772700971069
,,819121598522064936,Pragi_chaudhary#1673,mr_rohit#4596,Divyam Arora#9242,KIET,700576409961234464,818830772700971069
,,,,,,,,
55,NeoZeaX Team,,,,,,,
,,819076468583038977,ritiksha000#8650,Nancy#2184,harsh1505#6152,KIET,797507452965879818,794816851740983306
,,797507452965879818,Nancy#2184,Nancy#2184,harsh1505#6154,KIET,797507452965879818,794816851740983306
,,795590407274758165,Dynamic#3673,Nancy#2184,harsh1505#6155,KIET,797507452965879818,794816851740983306
,,819182290399789096,ankit#4687,Nancy#2184,harsh1505#6156,KIET,797507452965879818,794816851740983306
,,767806931976454214,itsmabhi#6461,Nancy#2184,harsh1505#6157,KIET,797507452965879818,794816851740983306
,,784329588071071744,Parag#7370,Nancy#2184,harsh1505#6158,KIET,797507452965879818,794816851740983306
,,764774240188629002,himadri#6113,Nancy#2184,harsh1505#6159,KIET,797507452965879818,794816851740983306
,,785054305275084810,ojaswi#1637,Nancy#2184,harsh1505#6160,KIET,797507452965879818,794816851740983306
,,783965976743247913,harsh13#3663,Nancy#2184,harsh1505#6161,KIET,797507452965879818,794816851740983306
,,796688617085992990,Anshika Singh#0898,Nancy#2184,harsh1505#6162,KIET,797507452965879818,794816851740983306
,,794816851740983306,harsh1505#6152,Nancy#2184,harsh1505#6163,KIET,797507452965879818,794816851740983306
,,,,,,,,
56,Yatarth Team,,,,,,,
,,737293785398247474,!Anos Voldigoad üòà#3154,Yatharth_Katyal#8671,≈êk#6377,,441628552274640917,460351015074398209
,,771284780666978304,eaglefree007#3136,Yatharth_Katyal#8671,≈êk#6377,,441628552274640917,460351015074398209
,,460351015074398209,≈êk#6377,Yatharth_Katyal#8671,≈êk#6377,,441628552274640917,460351015074398209
,,441628552274640917,Yatharth_Katyal#8671,Yatharth_Katyal#8671,≈êk#6377,,441628552274640917,460351015074398209
,,713087032502780054,lakshmi#0670,Yatharth_Katyal#8671,≈êk#6377,,441628552274640917,460351015074398209
,,621004792466243604,Hrishikesh#4715,Yatharth_Katyal#8671,≈êk#6377,,441628552274640917,460351015074398209
,,756180047693480017,sagar1012#7212,Yatharth_Katyal#8671,≈êk#6377,,441628552274640917,460351015074398209
,,750266299661156362,Satwick#7063,Yatharth_Katyal#8671,≈êk#6377,,441628552274640917,460351015074398209
,,526078590303862786,priyanshu#2855,Yatharth_Katyal#8671,≈êk#6377,,441628552274640917,460351015074398209
,,764170363936178177,sonam#8037,Yatharth_Katyal#8671,≈êk#6377,,441628552274640917,460351015074398209
,,,,,,,,
57,Dumb Array Team,,,,,,,
,,538327650666807306,Anshul Yoddha#1291,Cosmicdust#8763, hrk_007#4338,,694142609328701450,508948899512451073
,,362789884743909377,harshal#6352,Cosmicdust#8763, hrk_007#4338,,694142609328701450,508948899512451073
,,692028452974493698,geeky#5236,Cosmicdust#8763, hrk_007#4338,,694142609328701450,508948899512451073
,,821622222606958602,lx06#3622,Cosmicdust#8763, hrk_007#4338,,694142609328701450,508948899512451073
,,818680219291746315,sakshiMN#8180,Cosmicdust#8763, hrk_007#4338,,694142609328701450,508948899512451073
,,822066938599178271,Smms#1203,Cosmicdust#8763, hrk_007#4338,,694142609328701450,508948899512451073
,,712938949110399017,Himanshu#0853,Cosmicdust#8763, hrk_007#4338,,694142609328701450,508948899512451073
,,791682431354142752,Tush#0227,Cosmicdust#8763, hrk_007#4338,,694142609328701450,508948899512451073
,,698565666617163877,Jayesh Murodiya#1005,Cosmicdust#8763, hrk_007#4338,,694142609328701450,508948899512451073
,,821456341616820294,Janvi#5412,Cosmicdust#8763, hrk_007#4338,,694142609328701450,508948899512451073
,,694142609328701450,Cosmicdust#8763,Cosmicdust#8763, hrk_007#4338,,694142609328701450,508948899512451073
,,508948899512451073, hrk_007#4338,Cosmicdust#8763, hrk_007#4338,,694142609328701450,508948899512451073
,,,,,,,,
58,Utkarsh N Team,,,,,,,
,,701466707923042395,rumour_1#5288,0ne0rZer0#9059,rumour_1#5288,,477482541440565258,701466707923042395
,,786124844289753099,anky_messi#3799,0ne0rZer0#9059,rumour_1#5288,,477482541440565258,701466707923042395
,,731492697486917659,Izanagi#6670,0ne0rZer0#9059,rumour_1#5288,,477482541440565258,701466707923042395
,,822330951753007154,Manglu#0307,0ne0rZer0#9059,rumour_1#5288,,477482541440565258,701466707923042395
,,206876736619675648,birdlover#6516,0ne0rZer0#9059,rumour_1#5288,,477482541440565258,701466707923042395
,,757523221921923135,js_5455#6123,0ne0rZer0#9059,rumour_1#5288,,477482541440565258,701466707923042395
,,477482541440565258,0ne0rZer0#9059,0ne0rZer0#9059,rumour_1#5288,,477482541440565258,701466707923042395
,,544044571357872141,Himanshukatariahk03,0ne0rZer0#9059,rumour_1#5288,,477482541440565258,701466707923042395
,,822034231881891860,mr.waghmarerohit#0858,0ne0rZer0#9059,rumour_1#5288,,477482541440565258,701466707923042395
,,659449205336702976,rupam | KIET#8229,0ne0rZer0#9059,rumour_1#5288,,477482541440565258,701466707923042395
,,653483486543478795,Barney Stinson#2765,0ne0rZer0#9059,rumour_1#5288,,477482541440565258,701466707923042395
,,822062348042764348,CHECK#6746,0ne0rZer0#9059,rumour_1#5288,,477482541440565258,701466707923042395